Invoice,Catalogue,InvoiceLineNumber,InvoiceLineQuantity
44591485,423987,1,1
44591485,M03628,6,4
44591776,C93139,1,2
44591777,515022,1,1
44591485,423987,1,1
44591485,M03628,6,4
44591776,C93139,1,2
44591777,515022,1,1
44591485,423987,1,1
44591485,M03628,6,4
44591776,C93139,1,2
44591777,515022,1,1
44591485,423987,1,1
44591485,M03628,6,4
44591485,423987,1,1
44591485,M03628,6,4
44591776,C93139,1,2
44591777,515022,1,1
44591485,423987,1,1
44591485,M03628,6,4
44591776,C93139,1,2
44591777,515022,1,1
44591485,423987,1,1
44591485,M03628,6,4
44591776,C93139,1,2
44591777,515022,1,1
44591485,423987,1,1
44591485,M03628,6,4
44591776,C93139,1,2
44591777,515022,1,1
44591485,423987,1,1
44591485,M03628,6,4
44591776,C93139,1,2
44591777,515022,1,1
44591485,423987,1,1
44591485,M03628,6,4
44591776,C93139,1,2
44591777,515022,1,1
44591485,423987,1,1
44591485,M03628,6,4
44591776,C93139,1,2
44591777,515022,1,1
44591485,423987,1,1
44591485,M03628,6,4
44591776,C93139,1,2
44591777,515022,1,1
44591485,423987,1,1
44591485,M03628,6,4
44591776,C93139,1,2
44591777,515022,1,1
44591485,423987,1,1
44591485,M03628,6,4
44591776,C93139,1,2
44591777,515022,1,1
44591485,423987,1,1
44591485,M03628,6,4
44591776,C93139,1,2
44591777,515022,1,1
44591485,423987,1,1
44591485,M03628,6,4
44591776,C93139,1,2
44591777,515022,1,1
44591485,423987,1,1
44591485,M03628,6,4
44591776,C93139,1,2
44591777,515022,1,1
44591485,423987,1,1
44591485,M03628,6,4
44591776,C93139,1,2
44591777,515022,1,1
44591485,423987,1,1
44591485,M03628,6,4
44591776,C93139,1,2
44591777,515022,1,1
44591485,423987,1,1
44591485,M03628,6,4
44591776,C93139,1,2
44591777,515022,1,1
44591485,423987,1,1
44591485,M03628,6,4
44591776,C93139,1,2
44591777,515022,1,1
44591485,423987,1,1
44591485,M03628,6,4
44591776,C93139,1,2
44591777,515022,1,1
44591485,423987,1,1
44591485,M03628,6,4
44591776,C93139,1,2
44591777,515022,1,1
44591485,423987,1,1
44591485,M03628,6,4
44591776,C93139,1,2
44591777,515022,1,1
44591485,423987,1,1
44591485,M03628,6,4
44591776,C93139,1,2
44591777,515022,1,1
44591485,423987,1,1
44591485,M03628,6,4
44591776,C93139,1,2
44591777,515022,1,1
44591485,423987,1,1
44591485,M03628,6,4
44591776,C93139,1,2
44591777,515022,1,1
44591485,423987,1,1
44591485,M03628,6,4
44591776,C93139,1,2
44591777,515022,1,1
44591485,423987,1,1
44591485,M03628,6,4
44591776,C93139,1,2
44591777,515022,1,1
44591485,423987,1,1
44591485,M03628,6,4
44591776,C93139,1,2
44591777,515022,1,1
44591485,423987,1,1
44591485,M03628,6,4
44591776,C93139,1,2
44591777,515022,1,1
44591485,423987,1,1
44591485,M03628,6,4
44591776,C93139,1,2
44591777,515022,1,1
44591485,423987,1,1
44591485,M03628,6,4
44591776,C93139,1,2
44591777,515022,1,1
44591485,423987,1,1
44591485,M03628,6,4
44591776,C93139,1,2
44591777,515022,1,1
44591485,423987,1,1
44591485,M03628,6,4
44591776,C93139,1,2
44591777,515022,1,1
44591485,423987,1,1
44591485,M03628,6,4
44591776,C93139,1,2
44591777,515022,1,1
44591485,423987,1,1
44591485,M03628,6,4
44591776,C93139,1,2
44591777,515022,1,1
44591485,423987,1,1
44591485,M03628,6,4
44591776,C93139,1,2
44591777,515022,1,1
44591485,423987,1,1
44591485,M03628,6,4
44591776,C93139,1,2
44591777,515022,1,1
44591485,423987,1,1
44591485,M03628,6,4
44591776,C93139,1,2
44591777,515022,1,1
44591485,423987,1,1
44591485,M03628,6,4
44591776,C93139,1,2
44591777,515022,1,1
44591485,423987,1,1
44591485,M03628,6,4
44591776,C93139,1,2
44591777,515022,1,1
44591485,423987,1,1
44591485,M03628,6,4
44591776,C93139,1,2
44591777,515022,1,1
44591485,423987,1,1
44591485,M03628,6,4
44591776,C93139,1,2
44591777,515022,1,1
